tyger,_supervixen_
tyger,agirlcalledbob
tyger,anisette_toast
tyger,anndr0id
tyger,archfatuous
tyger,bartender371
tyger,bjmoses1
tyger,blackoutdaddy
tyger,blindherviolet
tyger,christkv
tyger,dancingpisces13
tyger,datoni
tyger,debutante_coder
tyger,desidjm
tyger,dulphotojournal
tyger,extyger
tyger,fatkevin
tyger,fierylit
tyger,fmephisto
tyger,grangerx
tyger,itwontbepretty
tyger,jasondick
tyger,jen_rosero
tyger,jhartaine
tyger,jivekitten
tyger,jokariusmouse
tyger,kelacon
tyger,kittendisdain
tyger,krisalyn
tyger,leeg23
tyger,leon_44
tyger,media1969
tyger,mropuppets
tyger,mystwolf
tyger,nadia1
tyger,namiegal
tyger,nemo7200
tyger,neverlose
tyger,npahucki
tyger,nublaii
tyger,obiefernandez
tyger,organicmatter01
tyger,pfperez
tyger,planet_amy
tyger,quixotic2
tyger,sami617
tyger,sans_fur
tyger,sarasmiling
tyger,saulsmom
tyger,singingarrowman
tyger,souperfx
tyger,teka
tyger,thedjrob
tyger,themiddleblog
tyger,track3
tyger,virtually
tyger,w0lver
tyger,wilsonodk
tyger,anonymous_blogr
tyger,newkamore
tyger,thefalconlords
tyger,_martial_arts
tyger,atlanta
tyger,atlanta_eats
tyger,fightersjournal
tyger,fma
tyger,ljatlanta
tyger,ljmobile
tyger,martial_artists
tyger,paidmembers
tyger,self_defense
tyger,mutts_strips
tyger,cordovaak
tyger,joyoftech
theothergraham,_snowden_
theothergraham,abebig0ta
theothergraham,angelala77
theothergraham,apple_oh
theothergraham,benja7777
theothergraham,blindherviolet
theothergraham,bloaf
theothergraham,blueviking
theothergraham,brittenygarner
theothergraham,buahahaha
theothergraham,cartertracy
theothergraham,cfiend
theothergraham,clixnwhistles
theothergraham,clobby
theothergraham,conleyinabox
theothergraham,craftymeerkat
theothergraham,cwhitenoise
theothergraham,detritus
theothergraham,drzachary
theothergraham,esposito
theothergraham,fatkevin
theothergraham,flavor_dave
theothergraham,godsend777
theothergraham,googirama
theothergraham,happyat2pm
theothergraham,heer0
theothergraham,higherophant
theothergraham,hir0
theothergraham,hollowsphere
theothergraham,ikoncato
theothergraham,istealcookies
theothergraham,jack0wack0
theothergraham,jaimiekeiko
theothergraham,jbehram
theothergraham,jenasinlittle
theothergraham,jenn_t
theothergraham,jenni4
theothergraham,jimstewart
theothergraham,jivekitten
theothergraham,joeker
theothergraham,kidpreo
theothergraham,kolb_rokk
theothergraham,kt4achange
theothergraham,lunalil
theothergraham,marynificent
theothergraham,masuza
theothergraham,misschiefmaker
theothergraham,moishy
theothergraham,mshepburn
theothergraham,nokungfu
theothergraham,nyclife
theothergraham,obiefernandez
theothergraham,obscurename
theothergraham,photoblue
theothergraham,physicaljerx
theothergraham,radiotik
theothergraham,rarousse
theothergraham,roughestgunark
theothergraham,seacaptain
theothergraham,selector23
theothergraham,shannabanana1
theothergraham,sharc
theothergraham,silkcut
theothergraham,skymob
theothergraham,squirrelene
theothergraham,sterlingm
theothergraham,sudaesan
theothergraham,tanyahyde
theothergraham,techn0colour
theothergraham,teedotgirl
theothergraham,terradzn
theothergraham,theninja
theothergraham,trademark_g
theothergraham,westheoperative
theothergraham,xweaklingx
theothergraham,zachary_1
theothergraham,britpoptarts
theothergraham,debutante_coder
theothergraham,a_brooklyn_life
theothergraham,atlectro
theothergraham,shadowboxingrss
fmephisto,000100010001
fmephisto,0x7048
fmephisto,5thovshrike
fmephisto,aesthetic
fmephisto,andrieh_vitimus
fmephisto,animeoni
fmephisto,anndr0id
fmephisto,archfatuous
fmephisto,ateramor
fmephisto,autophobe11
fmephisto,axamendes
fmephisto,blackbyrdsings
fmephisto,blackoutdaddy
fmephisto,blindherviolet
fmephisto,combichrist
fmephisto,conleyinabox
fmephisto,curi0usyell0w
fmephisto,dankamongmen
fmephisto,debutante_coder
fmephisto,delirium888
fmephisto,digitaldevil
fmephisto,djaesthetic
fmephisto,dulphotojournal
fmephisto,dystroyreality
fmephisto,electrochick
fmephisto,eternalredneck
fmephisto,fatkevin
fmephisto,fermi
fmephisto,flakatl
fmephisto,girl_infected
fmephisto,hypodermik
fmephisto,industrialreich
fmephisto,itwontbepretty
fmephisto,jivekitten
fmephisto,jkeenex3
fmephisto,jwall
fmephisto,kalaskani
fmephisto,kittendisdain
fmephisto,kortny86
fmephisto,ladymerrydeath
fmephisto,leiseengel
fmephisto,leon_grayfox
fmephisto,lessandes
fmephisto,lorigami
fmephisto,marluen
fmephisto,masque12
fmephisto,michette
fmephisto,misfit40324
fmephisto,montieth
fmephisto,mrvi
fmephisto,nekkole
fmephisto,noctifer
fmephisto,nuit23
fmephisto,nyte
fmephisto,obiefernandez
fmephisto,opalblack
fmephisto,organicmatter01
fmephisto,orwellsanimal
fmephisto,pixivixen
fmephisto,plantyhamchuk
fmephisto,pronoiacs_r_us
fmephisto,pyynk
fmephisto,ranger_rick
fmephisto,sammhain
fmephisto,sans_fur
fmephisto,scargrrl
fmephisto,scottopic
fmephisto,sean_i_am
fmephisto,smokingfag
fmephisto,sophia_knows
fmephisto,soror134
fmephisto,souperfx
fmephisto,subcultured
fmephisto,thedjrob
fmephisto,threv
fmephisto,uglyfish
fmephisto,unknownbinaries
fmephisto,webshift
fmephisto,weev
fmephisto,wolven
fmephisto,xerametinx
fmephisto,xvoodoodollx
fmephisto,23press
fmephisto,al_khidr
fmephisto,alobar
fmephisto,ankh156
fmephisto,baronfluoride
fmephisto,cassinator
fmephisto,cranberriesin
fmephisto,darkangelaries1
fmephisto,deepestsin
fmephisto,desidjm
fmephisto,drake_eld
fmephisto,errorotic
fmephisto,houseava
fmephisto,hypermediocrity
fmephisto,ilovedrugstoo
fmephisto,iridius
fmephisto,littlesebastien
fmephisto,morganica
fmephisto,ne_buddy
fmephisto,necrophagi
fmephisto,nyarla_totep
fmephisto,panzerag
fmephisto,paradoxology
fmephisto,rex_monday
fmephisto,sharoneedles
fmephisto,teka
fmephisto,thecorndoll
fmephisto,tokyohalogen
fmephisto,tyger
fmephisto,unwashedgenius
fmephisto,vixendust
fmephisto,zephyr_demiurge
fmephisto,atl_pirates
fmephisto,atlanta
fmephisto,atlantaoccult
fmephisto,chaosmajik
fmephisto,chaosmonks
fmephisto,cthulhu_magick
fmephisto,dasbunkeratl
fmephisto,discord_society
fmephisto,gasmaskfetish
fmephisto,lithium_picnic
fmephisto,mensanminds
fmephisto,nonfluffymagic
fmephisto,penis_forklift
fmephisto,philipkdick
fmephisto,psychonaut
fmephisto,road_to_thay
fmephisto,sigils
fmephisto,spam2poetry
fmephisto,technopaganism
fmephisto,the_23_club
fmephisto,wtf_catmacros
fmephisto,_halloween_
fmephisto,_outofline_
fmephisto,ant_zen
fmephisto,anti_riaa
fmephisto,atl_idm
fmephisto,atlanta_eats
fmephisto,atlmetal
fmephisto,con_central
fmephisto,con_costuming
fmephisto,costumes
fmephisto,dead_atlanta
fmephisto,downtownatlanta
fmephisto,forms_of_hands
fmephisto,gsu
fmephisto,hermetic_group
fmephisto,hermeticism
fmephisto,morality
fmephisto,n0ise
fmephisto,paidmembers
fmephisto,sample_hold
fmephisto,steinklang
fmephisto,tech_moment
fmephisto,thoughtclub
w0lver,bartender371
w0lver,blindherviolet
w0lver,bonniegrrl
w0lver,damsie
w0lver,debutante_coder
w0lver,desidjm
w0lver,djtoell
w0lver,extyger
w0lver,jhartaine
w0lver,kittendisdain
w0lver,lizlips
w0lver,media1969
w0lver,mropuppets
w0lver,nublaii
w0lver,obiefernandez
w0lver,overheardinatl
w0lver,subby
w0lver,teka
w0lver,themiddleblog
w0lver,tyger
w0lver,virtually
w0lver,zodmicrobe
w0lver,monlz5
w0lver,amnin
w0lver,dollverse
w0lver,getfuzzyfeed
w0lver,homestar_runner
w0lver,macbookpro
w0lver,mythbusters
w0lver,powerbooks
w0lver,sinfest_mod
w0lver,atlanta
w0lver,paidmembers
w0lver,boingboing_net
w0lver,daily_show
w0lver,joyoftech
w0lver,postsecret
w0lver,snopes_dot_com
w0lver,theninhotline
w0lver,xkcd_rss
blindherviolet,0x7048
blindherviolet,aliceinwonderla
blindherviolet,anndr0id
blindherviolet,autophobe11
blindherviolet,blackeyedghost
blindherviolet,blackoutdaddy
blindherviolet,chirospasm
blindherviolet,dankamongmen
blindherviolet,debutante_coder
blindherviolet,desidjm
blindherviolet,dulphotojournal
blindherviolet,fmephisto
blindherviolet,heer0
blindherviolet,iblis_kukl
blindherviolet,jivekitten
blindherviolet,kalaskani
blindherviolet,kittendisdain
blindherviolet,mmcrae
blindherviolet,mshepburn
blindherviolet,noahbot
blindherviolet,nublaii
blindherviolet,obiefernandez
blindherviolet,organicmatter01
blindherviolet,orwellsanimal
blindherviolet,porousparis
blindherviolet,pymander
blindherviolet,sans_fur
blindherviolet,seacaptain
blindherviolet,selector23
blindherviolet,souperfx
blindherviolet,teka
blindherviolet,thedjrob
blindherviolet,theothergraham
blindherviolet,twin_peaks
blindherviolet,tyger
blindherviolet,w0lver
blindherviolet,westheoperative
blindherviolet,comicalmuse
blindherviolet,houseava
blindherviolet,smokingfag
blindherviolet,unklebob
blindherviolet,abnormal_plants
blindherviolet,apothecarium
blindherviolet,atlantaoccult
blindherviolet,herbalmagick
blindherviolet,kitchenwitchery
blindherviolet,obscure_library
blindherviolet,organic_garden
blindherviolet,ritualmagick
blindherviolet,sigils
blindherviolet,spiritcompanion
blindherviolet,tarotdecks
blindherviolet,gasmaskfetish
blindherviolet,paidmembers
0x7048,anndr0id
0x7048,archfatuous
0x7048,bkdelong
0x7048,blackoutdaddy
0x7048,blindherviolet
0x7048,cola_fan
0x7048,dankamongmen
0x7048,debutante_coder
0x7048,dulphotojournal
0x7048,exactmark
0x7048,ezlaff
0x7048,fatkevin
0x7048,fermi
0x7048,fmephisto
0x7048,i_rage_robbins
0x7048,itwontbepretty
0x7048,jdiddy275
0x7048,jodie_helen
0x7048,jps
0x7048,kalaskani
0x7048,kissthehippy
0x7048,mamma_mezzo
0x7048,marluen
0x7048,mattyjaddy
0x7048,musicdawg81
0x7048,neraka
0x7048,nerotica
0x7048,organicmatter01
0x7048,phatjoe
0x7048,pixivixen
0x7048,poodleface
0x7048,potatobandits
0x7048,queenla1
0x7048,recompas
0x7048,redwindmill82
0x7048,sadisticpoodle
0x7048,sans_fur
0x7048,shatteredplanes
0x7048,shemeg
0x7048,snarftastiko
0x7048,souperfx
0x7048,sweetsax9
0x7048,tenortwelve
0x7048,thedjrob
0x7048,thomasp
0x7048,threv
0x7048,toddskyfire
0x7048,tricil
0x7048,unskinnybop2
0x7048,zachary_1
0x7048,zeroplate
0x7048,zombiefarm
0x7048,____rhapsodical
0x7048,penis_forklift
0x7048,road_to_thay
0x7048,spam2poetry
0x7048,dcon_connection
0x7048,dragoncon
0x7048,fridays404haiku
0x7048,redmeat_rss
debutante-coder,blindherviolet
debutante-coder,0x7048
debutante-coder,fmephisto
debutante-coder,tyger
debutante-coder,w0lver
organicmatter01,0x7048
organicmatter01,anndr0id
organicmatter01,archfatuous
organicmatter01,autophobe11
organicmatter01,blackoutdaddy
organicmatter01,blindherviolet
organicmatter01,chirospasm
organicmatter01,curi0usyell0w
organicmatter01,dankamongmen
organicmatter01,debutante_coder
organicmatter01,defiona
organicmatter01,dulphotojournal
organicmatter01,fatkevin
organicmatter01,fmephisto
organicmatter01,gaminggeekgurl
organicmatter01,industrialreich
organicmatter01,itwontbepretty
organicmatter01,jdiddy275
organicmatter01,jujuyy
organicmatter01,kalaskani
organicmatter01,leeannslytherin
organicmatter01,marluen
organicmatter01,mmbuckle
organicmatter01,queenla1
organicmatter01,sans_fur
organicmatter01,sean_i_am
organicmatter01,shitinabox
organicmatter01,souperfx
organicmatter01,thedjrob
organicmatter01,tyger
organicmatter01,uber_kat
organicmatter01,unskinnybop2
organicmatter01,czechoslovakian
organicmatter01,ezlaff
organicmatter01,infamousdemise
organicmatter01,penis_forklift
organicmatter01,road_to_thay
